"id","educ","majorcol","rincome","race","sex"
1,16,9,NA,1,1
2,12,NA,12,1,1
3,16,NA,NA,1,1
4,12,NA,9,1,2
5,18,NA,2,1,2
6,14,50,NA,1,2
7,14,NA,NA,1,1
8,11,NA,10,3,2
9,12,NA,11,2,1
10,14,NA,NA,1,1
11,12,NA,NA,2,2
12,12,NA,NA,1,2
13,12,NA,4,2,1
14,NA,NA,NA,2,2
15,10,NA,11,1,1
16,13,NA,12,1,2
17,13,NA,11,1,1
18,10,NA,NA,3,2
19,18,NA,12,2,1
20,13,NA,12,2,1
21,12,NA,12,1,2
22,11,NA,NA,2,2
23,10,NA,4,3,2
24,12,NA,12,1,2
25,15,NA,10,1,2
26,3,NA,NA,1,2
27,19,35,NA,1,1
28,14,NA,NA,2,1
29,18,82,12,1,1
30,12,NA,NA,1,2
31,12,NA,NA,1,1
32,12,NA,12,1,2
33,12,NA,12,1,1
34,14,NA,NA,2,1
35,12,NA,NA,1,2
36,12,NA,12,1,1
37,16,NA,10,1,1
38,16,21,12,1,2
39,16,NA,12,1,2
40,14,NA,NA,1,2
41,12,NA,10,1,2
42,12,NA,NA,3,2
43,16,36,NA,3,2
44,20,NA,12,1,2
45,17,NA,NA,1,1
46,15,NA,12,1,1
47,16,20,NA,2,2
48,16,41,12,3,1
49,17,NA,NA,1,1
50,16,NA,12,1,2
51,16,17,NA,3,2
52,12,NA,NA,1,2
53,13,NA,2,1,1
54,19,NA,NA,1,1
55,16,9,5,1,2
56,16,12,12,1,2
57,17,NA,11,1,2
58,17,42,12,1,2
59,20,NA,8,1,2
60,10,NA,6,1,2
61,13,NA,11,2,1
62,12,NA,NA,2,1
63,12,NA,NA,2,2
64,13,NA,11,2,2
65,11,NA,NA,3,2
66,10,NA,12,3,1
67,12,NA,11,3,1
68,10,NA,NA,2,2
69,11,NA,NA,2,2
70,6,NA,NA,3,2
71,10,NA,NA,2,2
72,14,60,12,2,2
73,11,NA,NA,2,1
74,12,NA,NA,2,1
75,18,36,12,2,2
76,10,NA,NA,2,2
77,20,43,12,1,2
78,18,16,12,2,2
79,19,NA,NA,1,2
80,12,NA,NA,2,1
81,14,49,12,3,1
82,14,NA,12,1,2
83,16,25,12,1,1
84,12,NA,12,1,1
85,16,NA,12,1,1
86,12,NA,12,1,1
87,16,NA,12,1,2
88,13,NA,11,3,2
89,12,NA,10,1,2
90,12,NA,NA,1,1
91,12,NA,NA,2,2
92,20,NA,NA,2,1
93,19,16,NA,1,1
94,16,NA,12,1,1
95,17,NA,12,1,1
96,15,NA,12,1,1
97,16,NA,11,1,1
98,16,6,6,2,1
99,20,NA,8,3,1
100,16,NA,12,1,1
101,16,NA,12,2,2
102,12,NA,NA,1,2
103,12,NA,NA,1,1
104,12,NA,NA,1,2
105,14,NA,NA,3,2
106,8,NA,NA,1,2
107,12,NA,NA,1,2
108,12,NA,NA,1,2
109,11,NA,NA,1,1
110,16,NA,NA,1,2
111,16,1,12,1,1
112,16,NA,NA,1,2
113,14,NA,NA,3,1
114,14,NA,12,1,1
115,20,34,NA,3,2
116,17,NA,NA,1,2
117,19,NA,NA,1,2
118,19,51,NA,1,2
119,13,NA,NA,1,1
120,12,NA,NA,1,2
121,18,16,12,1,2
122,15,NA,10,1,2
123,16,NA,NA,1,2
124,12,NA,12,1,1
125,16,16,NA,1,1
126,15,NA,NA,1,1
127,12,NA,12,1,2
128,16,NA,12,1,1
129,16,NA,12,1,2
130,20,9,12,1,1
131,12,NA,NA,2,1
132,16,36,12,2,2
133,14,NA,4,2,2
134,12,NA,12,1,1
135,12,NA,12,2,2
136,14,60,NA,1,2
137,12,NA,NA,1,2
138,12,NA,2,1,2
139,16,19,12,1,2
140,12,NA,NA,1,1
141,16,40,NA,1,2
142,14,NA,NA,1,2
143,14,NA,NA,1,1
144,16,NA,NA,1,2
145,14,NA,12,1,1
146,16,44,12,1,2
147,16,NA,NA,1,2
148,14,NA,NA,3,1
149,12,NA,12,1,2
150,16,67,12,1,1
151,18,NA,12,1,1
152,15,81,12,1,2
153,12,NA,NA,3,2
154,18,71,10,3,2
155,12,NA,12,1,1
156,14,18,NA,1,1
157,16,NA,11,3,2
158,16,57,NA,1,2
159,13,NA,12,1,2
160,12,NA,12,3,1
161,15,NA,12,3,2
162,18,18,NA,3,1
163,12,NA,9,1,2
164,NA,NA,NA,1,2
165,12,NA,NA,1,2
166,11,NA,NA,3,2
167,12,NA,NA,1,2
168,13,NA,2,1,2
169,12,NA,12,2,1
170,14,NA,NA,2,1
171,11,NA,NA,2,2
172,14,NA,10,1,1
173,12,NA,NA,1,2
174,20,NA,12,1,1
175,14,NA,NA,1,2
176,14,NA,12,3,2
177,16,9,12,1,1
178,18,NA,NA,3,2
179,14,NA,12,1,1
180,12,NA,5,2,2
181,16,NA,12,3,2
182,14,62,NA,2,1
183,17,NA,NA,3,2
184,12,NA,NA,2,1
185,16,NA,4,2,1
186,13,NA,NA,3,1
187,18,NA,NA,1,1
188,12,NA,12,2,1
189,8,NA,NA,3,2
190,1,NA,NA,1,2
191,14,NA,10,3,2
192,9,NA,10,3,2
193,2,NA,10,1,2
194,8,NA,11,3,2
195,9,NA,10,1,1
196,14,NA,12,1,1
197,13,NA,NA,1,2
198,16,14,12,3,1
199,15,53,3,1,1
200,16,20,12,2,1
201,15,NA,NA,1,1
202,12,NA,12,1,1
203,16,NA,12,1,1
204,16,17,12,2,1
205,16,NA,6,1,1
206,20,NA,11,1,2
207,16,1,12,3,2
208,11,NA,NA,1,2
209,14,9,4,2,1
210,20,60,NA,1,1
211,12,NA,12,1,1
212,15,NA,NA,3,1
213,12,NA,NA,1,1
214,16,NA,NA,1,2
215,19,NA,NA,1,2
216,12,NA,12,1,1
217,16,70,12,1,2
218,12,NA,11,1,2
219,13,NA,12,1,1
220,16,NA,12,1,1
221,12,NA,NA,2,2
222,6,NA,11,3,1
223,17,NA,11,3,1
224,18,NA,NA,1,1
225,14,NA,NA,1,1
226,12,NA,12,3,2
227,17,NA,12,3,1
228,16,12,12,1,1
229,18,NA,12,1,2
230,16,NA,NA,1,1
231,12,NA,NA,1,2
232,16,NA,NA,1,2
233,18,18,12,3,2
234,19,NA,NA,1,1
235,16,NA,1,1,1
236,19,36,12,1,2
237,18,NA,9,1,2
238,12,NA,9,1,1
239,16,NA,9,1,2
240,12,NA,12,3,1
241,12,NA,12,3,1
242,14,NA,11,1,1
243,7,NA,11,3,2
244,12,NA,12,1,1
245,12,NA,NA,3,1
246,17,9,12,3,2
247,13,NA,NA,1,2
248,15,NA,12,1,1
249,12,NA,12,3,2
250,16,NA,NA,1,2
251,20,NA,NA,1,1
252,14,NA,10,2,1
253,18,NA,NA,2,1
254,12,NA,12,1,1
255,12,NA,NA,2,1
256,12,NA,12,2,1
257,16,42,12,1,2
258,13,NA,NA,1,1
259,20,NA,12,1,2
260,14,NA,NA,3,1
261,20,19,12,1,2
262,13,NA,NA,1,1
263,12,NA,10,1,1
264,13,NA,3,2,2
265,17,42,9,3,2
266,16,NA,12,1,2
267,12,NA,NA,1,2
268,13,NA,NA,2,2
269,11,NA,12,1,1
270,18,NA,NA,1,2
271,18,NA,NA,1,2
272,16,42,11,1,2
273,16,25,12,1,2
274,16,NA,NA,1,1
275,13,NA,NA,1,2
276,15,NA,NA,1,1
277,20,45,12,1,2
278,16,NA,12,1,1
279,14,NA,12,1,2
280,10,NA,12,1,1
281,9,NA,NA,1,2
282,14,NA,9,1,2
283,12,NA,NA,1,2
284,13,NA,12,1,2
285,12,NA,NA,1,2
286,14,NA,12,2,1
287,14,NA,NA,2,1
288,14,NA,12,1,1
289,12,NA,12,1,2
290,17,1,12,1,2
291,19,29,12,1,1
292,16,NA,12,1,1
293,19,50,12,1,1
294,11,NA,NA,1,2
295,12,NA,12,1,1
296,12,NA,1,3,2
297,19,5,NA,1,2
298,16,NA,NA,3,2
299,16,29,NA,3,2
300,17,NA,12,2,1
301,13,NA,NA,2,2
302,9,NA,NA,2,2
303,13,NA,4,2,1
304,13,NA,3,2,1
305,14,NA,12,2,1
306,19,52,12,1,2
307,12,NA,NA,3,2
308,10,NA,8,3,2
309,16,9,NA,1,1
310,13,NA,2,3,2
311,20,NA,12,1,1
312,16,NA,NA,1,1
313,12,NA,12,1,1
314,16,19,12,1,1
315,16,NA,10,1,1
316,15,NA,12,1,1
317,12,NA,12,2,1
318,12,NA,11,1,1
319,12,NA,NA,3,1
320,16,19,NA,1,2
321,8,NA,NA,3,2
322,18,NA,12,1,2
323,14,61,NA,2,2
324,14,NA,NA,2,1
325,12,NA,NA,1,2
326,12,NA,NA,1,2
327,12,NA,12,1,1
328,12,NA,11,3,2
329,16,1,NA,1,2
330,16,12,NA,1,1
331,12,NA,NA,1,1
332,16,9,12,1,1
333,15,NA,NA,1,1
334,13,NA,5,3,1
335,9,NA,12,3,1
336,16,14,12,3,2
337,17,NA,12,1,1
338,18,55,12,1,2
339,16,9,NA,1,2
340,14,NA,3,1,1
341,18,NA,12,1,1
342,12,NA,11,1,2
343,18,NA,12,1,2
344,16,NA,10,1,1
345,16,NA,12,1,2
346,19,17,10,1,1
347,20,NA,NA,1,1
348,15,NA,11,1,2
349,12,NA,12,1,1
350,12,NA,12,1,1
351,14,NA,4,1,2
352,18,34,NA,1,2
353,12,NA,12,1,2
354,12,NA,12,1,1
355,13,NA,NA,1,2
356,19,NA,9,2,2
357,16,NA,12,3,2
358,16,NA,12,1,1
359,14,NA,12,2,2
360,13,NA,NA,1,2
361,16,NA,12,1,1
362,12,NA,12,1,1
363,16,9,12,1,1
364,12,NA,12,1,2
365,18,18,12,1,1
366,12,NA,12,1,2
367,9,NA,NA,1,1
368,15,NA,9,1,1
369,13,NA,NA,1,2
370,13,NA,9,1,1
371,20,NA,NA,3,2
372,18,NA,NA,1,2
373,12,NA,NA,1,1
374,18,21,NA,3,2
375,14,NA,NA,1,2
376,16,18,12,1,2
377,12,NA,12,2,1
378,16,57,4,1,2
379,13,NA,NA,1,1
380,18,16,12,2,2
381,20,NA,2,1,1
382,16,49,12,1,2
383,12,NA,NA,1,1
384,13,NA,12,2,2
385,18,9,NA,2,2
386,16,1,11,2,2
387,16,NA,NA,2,2
388,16,NA,12,2,2
389,16,NA,NA,1,2
390,18,9,NA,2,2
391,16,NA,12,2,2
392,12,NA,12,2,2
393,20,NA,12,1,1
394,14,NA,12,1,1
395,16,NA,12,1,1
396,18,12,NA,1,2
397,16,NA,10,2,2
398,18,43,12,1,2
399,16,77,12,1,2
400,16,9,NA,2,1
401,11,NA,12,1,1
402,13,NA,11,1,2
403,14,NA,12,1,2
404,12,NA,12,2,1
405,16,18,NA,3,1
406,12,NA,NA,1,2
407,12,NA,NA,1,2
408,20,NA,12,3,2
409,16,43,NA,1,2
410,18,9,12,1,1
411,19,NA,NA,1,1
412,20,NA,12,1,1
413,15,NA,12,1,1
414,18,43,12,1,1
415,12,NA,11,2,2
416,12,NA,12,2,1
417,13,NA,10,1,2
418,10,NA,NA,2,2
419,12,NA,NA,2,1
420,14,NA,NA,2,2
421,13,NA,12,1,1
422,10,NA,11,2,2
423,12,NA,7,1,2
424,20,NA,12,1,2
425,18,16,NA,1,2
426,16,NA,1,1,2
427,18,9,12,1,1
428,18,9,NA,1,1
429,10,NA,NA,2,1
430,10,NA,12,3,1
431,11,NA,12,3,2
432,12,NA,1,1,2
433,11,NA,NA,3,2
434,6,NA,12,3,1
435,13,NA,12,1,1
436,16,12,12,1,2
437,13,NA,NA,1,1
438,14,NA,NA,1,1
439,11,NA,NA,2,2
440,16,33,9,1,1
441,16,NA,12,1,2
442,16,NA,NA,1,1
443,20,NA,NA,1,1
444,12,NA,12,1,1
445,12,NA,11,1,1
446,14,NA,NA,3,2
447,12,NA,NA,1,1
448,12,NA,12,1,1
449,16,20,NA,1,1
450,12,NA,7,1,2
451,14,NA,NA,1,2
452,12,NA,12,1,1
453,15,NA,NA,1,2
454,12,NA,2,1,1
455,17,18,NA,1,1
456,12,NA,NA,1,2
457,17,55,NA,3,2
458,16,NA,12,1,2
459,18,9,NA,1,2
460,12,NA,NA,1,1
461,20,NA,NA,1,2
462,18,NA,NA,1,2
463,20,NA,NA,1,2
464,16,8,NA,1,1
465,19,NA,12,1,1
466,16,NA,12,1,1
467,18,1,12,1,2
468,20,NA,12,1,2
469,16,60,12,1,2
470,16,11,NA,1,1
471,18,NA,12,1,2
472,16,NA,12,1,1
473,18,70,12,1,1
474,13,NA,12,1,1
475,16,NA,12,1,1
476,12,NA,NA,2,2
477,9,NA,NA,1,2
478,16,8,12,1,1
479,12,NA,NA,1,2
480,19,NA,7,3,2
481,14,NA,NA,1,1
482,16,NA,12,1,1
483,16,NA,8,1,2
484,12,NA,NA,3,2
485,14,36,12,1,2
486,18,NA,12,1,2
487,14,NA,NA,1,1
488,20,9,12,1,1
489,12,NA,12,1,1
490,14,NA,NA,1,2
491,12,NA,12,3,1
492,10,NA,NA,1,2
493,2,NA,3,3,1
494,20,NA,10,3,1
495,12,NA,NA,3,2
496,12,NA,NA,3,1
497,13,NA,12,1,1
498,12,NA,12,1,2
499,12,NA,10,1,2
500,12,NA,8,1,2
501,13,NA,12,1,2
502,15,NA,12,1,1
503,14,NA,7,1,2
504,12,NA,9,2,2
505,12,NA,11,1,1
506,12,NA,NA,1,1
507,16,NA,12,1,2
508,15,NA,NA,1,2
509,16,14,12,1,2
510,16,NA,12,1,2
511,12,NA,12,1,2
512,18,57,NA,1,2
513,14,NA,12,1,2
514,12,NA,12,1,1
515,13,NA,12,1,1
516,12,NA,12,1,1
517,19,9,NA,1,2
518,15,NA,4,1,1
519,17,14,NA,1,2
520,10,NA,NA,1,2
521,13,NA,12,1,1
522,20,16,12,1,2
523,18,43,NA,1,1
524,16,29,NA,3,2
525,17,8,NA,1,1
526,16,NA,NA,1,2
527,14,NA,9,1,2
528,18,NA,NA,1,1
529,16,42,4,3,2
530,16,12,12,1,2
531,14,NA,NA,1,2
532,20,NA,NA,1,1
533,16,25,NA,1,2
534,17,NA,NA,1,2
535,16,NA,NA,3,1
536,17,31,NA,1,2
537,6,NA,12,2,1
538,12,NA,NA,1,2
539,12,NA,NA,1,2
540,11,NA,12,3,1
541,14,NA,NA,2,1
542,18,NA,NA,1,2
543,13,NA,NA,2,1
544,20,NA,12,1,2
545,20,NA,NA,2,2
546,16,42,NA,1,2
547,13,NA,12,2,2
548,12,NA,NA,1,1
549,6,NA,NA,1,2
550,12,NA,NA,3,2
551,12,NA,12,3,2
552,7,NA,NA,1,1
553,12,NA,NA,2,1
554,14,NA,4,2,1
555,16,NA,12,3,1
556,10,NA,12,3,1
557,12,NA,NA,3,2
558,15,NA,NA,1,2
559,19,NA,12,1,2
560,8,NA,NA,1,2
561,6,NA,NA,3,2
562,20,NA,NA,1,2
563,12,NA,NA,3,2
564,14,NA,12,1,2
565,17,NA,NA,1,2
566,12,NA,NA,1,2
567,15,NA,12,2,2
568,14,NA,11,1,1
569,13,NA,12,1,1
570,9,NA,9,1,2
571,16,NA,10,1,1
572,16,42,12,1,1
573,16,9,12,2,2
574,12,NA,6,2,2
575,14,NA,NA,1,1
576,16,NA,NA,1,2
577,18,NA,NA,3,2
578,12,NA,NA,1,2
579,12,NA,NA,2,2
580,16,14,12,1,1
581,12,NA,12,1,1
582,8,NA,9,1,1
583,12,NA,12,2,2
584,14,NA,NA,2,1
585,12,NA,NA,1,2
586,7,NA,5,1,2
587,12,NA,NA,2,1
588,14,NA,12,2,1
589,12,NA,NA,1,1
590,17,51,12,1,1
591,15,47,NA,1,1
592,14,NA,10,1,2
593,20,55,NA,1,2
594,13,NA,12,1,1
595,13,NA,NA,1,2
596,20,NA,NA,1,2
597,14,NA,NA,1,2
598,12,NA,NA,1,2
599,13,NA,12,1,2
600,20,NA,12,1,1
601,14,NA,NA,1,2
602,12,NA,2,1,2
603,12,NA,12,1,1
604,12,NA,NA,1,2
605,13,NA,NA,1,1
606,13,NA,5,1,2
607,13,NA,11,2,2
608,14,NA,NA,1,1
609,20,82,12,2,2
610,16,NA,12,2,1
611,12,NA,NA,1,2
612,11,NA,9,2,2
613,12,NA,6,2,2
614,12,NA,12,1,1
615,18,NA,NA,1,2
616,14,36,NA,1,2
617,12,NA,NA,1,2
618,20,8,12,2,2
619,14,NA,9,1,2
620,16,8,12,1,2
621,12,NA,NA,3,1
622,12,NA,NA,2,2
623,10,NA,NA,1,2
624,12,NA,11,2,2
625,16,4,12,1,2
626,16,NA,NA,1,2
627,16,9,7,1,2
628,16,NA,NA,1,2
629,20,19,NA,1,2
630,16,NA,NA,1,1
631,11,NA,NA,3,1
632,16,NA,12,1,2
633,16,9,NA,1,1
634,14,9,12,3,2
635,14,55,NA,1,2
636,16,29,12,1,1
637,12,NA,12,1,2
638,17,12,12,1,2
639,16,NA,9,1,1
640,12,NA,12,1,2
641,18,NA,10,1,2
642,16,55,12,1,2
643,16,23,12,1,1
644,16,14,NA,3,2
645,9,NA,NA,3,2
646,12,NA,NA,1,2
647,19,11,12,3,2
648,19,34,NA,3,1
649,15,NA,NA,1,2
650,16,NA,12,3,2
651,16,NA,NA,2,2
652,19,28,7,1,1
653,13,NA,NA,1,2
654,20,34,12,1,2
655,11,NA,NA,2,2
656,13,NA,NA,3,2
657,12,NA,NA,2,1
658,12,NA,NA,2,1
659,15,NA,10,2,1
660,16,9,12,2,2
661,12,NA,NA,2,2
662,13,NA,NA,1,1
663,19,16,12,1,2
664,16,NA,NA,1,2
665,12,NA,12,1,2
666,13,NA,12,1,1
667,12,NA,NA,1,2
668,12,NA,NA,1,2
669,12,NA,12,2,1
670,16,NA,10,1,2
671,12,NA,NA,2,2
672,12,NA,12,1,2
673,14,NA,10,1,2
674,12,NA,9,3,2
675,11,NA,2,3,2
676,18,NA,12,3,1
677,16,NA,11,1,1
678,18,14,5,3,1
679,15,NA,12,1,1
680,16,NA,12,2,1
681,14,NA,12,2,1
682,12,NA,NA,1,2
683,3,NA,NA,1,2
684,10,NA,NA,2,1
685,12,NA,12,2,1
686,13,NA,11,2,2
687,12,NA,NA,2,2
688,10,NA,NA,3,1
689,14,NA,11,2,2
690,12,NA,12,2,1
691,12,NA,NA,1,2
692,9,NA,NA,2,1
693,11,NA,11,2,1
694,9,NA,12,1,1
695,12,NA,6,3,1
696,13,NA,NA,2,1
697,7,NA,12,1,1
698,12,NA,10,2,2
699,5,NA,4,1,2
700,13,NA,12,3,1
701,11,NA,NA,1,1
702,15,51,11,1,1
703,16,14,NA,3,2
704,12,NA,NA,1,2
705,16,16,12,2,2
706,19,NA,6,2,2
707,12,NA,NA,1,2
708,9,NA,12,1,1
709,12,NA,12,1,1
710,6,NA,10,1,2
711,12,NA,5,2,1
712,18,NA,2,1,2
713,16,50,11,3,2
714,0,NA,11,3,1
715,12,NA,NA,1,2
716,6,NA,12,1,2
717,12,NA,NA,3,2
718,12,NA,NA,1,2
719,14,NA,12,3,2
720,12,NA,NA,1,2
721,17,12,NA,1,1
722,14,NA,12,1,1
723,12,NA,10,1,2
724,12,NA,5,1,2
725,12,NA,NA,2,1
726,14,NA,12,1,1
727,6,NA,2,1,2
728,16,NA,12,1,1
729,16,1,12,2,2
730,14,NA,NA,3,1
731,13,NA,1,2,2
732,14,NA,11,1,2
733,14,NA,6,1,2
734,15,16,4,2,1
735,15,NA,12,2,2
736,14,NA,12,1,1
737,16,71,12,2,2
738,20,NA,NA,2,2
739,13,NA,NA,1,2
740,16,NA,12,1,2
741,12,NA,12,1,1
742,13,NA,12,1,2
743,12,NA,NA,1,1
744,13,NA,NA,1,2
745,6,NA,NA,3,2
746,15,NA,9,2,2
747,16,9,11,2,1
748,15,NA,11,2,2
749,18,14,12,1,1
750,16,NA,12,2,1
751,14,NA,9,2,2
752,14,NA,12,2,2
753,14,NA,10,2,2
754,18,NA,NA,1,1
755,10,NA,10,3,2
756,11,NA,NA,3,2
757,16,NA,12,1,2
758,14,8,12,2,1
759,12,NA,12,2,1
760,14,NA,10,1,2
761,11,NA,NA,1,2
762,13,NA,NA,1,2
763,14,NA,12,1,2
764,8,NA,9,1,1
765,12,NA,NA,2,2
766,12,NA,12,1,2
767,13,NA,NA,1,2
768,12,NA,1,1,2
769,12,NA,NA,1,2
770,15,NA,12,2,2
771,16,NA,12,1,1
772,13,NA,NA,2,1
773,13,NA,10,2,2
774,14,16,12,2,1
775,12,NA,10,2,1
776,13,NA,NA,1,2
777,12,NA,NA,2,2
778,16,9,6,2,2
779,12,NA,12,2,1
780,12,NA,NA,2,2
781,13,NA,NA,2,2
782,11,NA,12,1,1
783,13,NA,NA,1,1
784,17,NA,12,1,1
785,12,NA,12,2,2
786,14,42,9,2,2
787,12,NA,NA,2,2
788,13,NA,NA,2,2
789,12,NA,12,2,1
790,12,NA,12,2,2
791,18,36,NA,2,2
792,11,NA,NA,1,1
793,8,NA,5,1,2
794,14,NA,2,2,2
795,14,NA,NA,3,1
796,12,NA,12,2,2
797,12,NA,10,1,2
798,16,29,12,1,2
799,17,81,NA,1,2
800,16,19,NA,1,2
801,16,NA,NA,1,2
802,12,NA,NA,1,2
803,14,55,NA,2,1
804,12,NA,7,2,1
805,16,28,NA,2,1
806,12,NA,NA,1,1
807,16,43,12,1,1
808,12,NA,NA,1,1
809,19,55,12,1,1
810,16,NA,NA,1,2
811,12,NA,2,1,2
812,17,36,12,1,2
813,16,NA,NA,1,2
814,16,11,12,1,1
815,16,NA,NA,2,2
816,12,NA,12,2,1
817,16,49,NA,2,2
818,12,NA,NA,2,2
819,16,NA,NA,2,2
820,14,NA,12,2,1
821,14,NA,9,2,2
822,16,43,12,2,1
823,5,NA,NA,2,2
824,18,NA,12,2,2
825,16,8,12,1,2
826,13,NA,9,1,2
827,16,NA,12,1,2
828,11,NA,4,3,2
829,14,NA,12,2,2
830,12,NA,12,1,1
831,16,NA,12,1,2
832,20,NA,12,1,1
833,12,NA,NA,1,1
834,16,NA,NA,1,1
835,18,NA,NA,1,1
836,18,16,12,1,2
837,16,NA,NA,1,2
838,12,NA,12,1,1
839,14,NA,10,1,1
840,12,NA,12,1,1
841,18,NA,11,1,1
842,12,NA,6,1,2
843,12,NA,NA,1,1
844,12,NA,7,1,2
845,12,NA,NA,1,2
846,14,NA,NA,2,2
847,15,NA,12,2,2
848,12,NA,NA,2,1
849,16,NA,12,1,2
850,16,50,8,1,2
851,8,NA,NA,2,1
852,16,51,12,1,1
853,12,NA,NA,1,2
854,12,NA,1,1,2
855,12,NA,12,1,1
856,11,NA,NA,1,1
857,12,NA,NA,1,2
858,17,NA,NA,1,1
859,18,62,12,3,1
860,13,NA,NA,2,1
861,13,NA,NA,3,2
862,12,NA,NA,3,1
863,16,NA,12,3,2
864,16,32,5,3,2
865,14,30,NA,1,1
866,16,NA,12,1,2
867,15,NA,12,1,2
868,18,NA,12,1,1
869,13,NA,NA,1,2
870,16,NA,12,1,2
871,18,NA,NA,1,2
872,12,NA,NA,1,2
873,NA,NA,NA,2,1
874,9,NA,NA,1,1
875,13,NA,11,2,2
876,15,9,NA,1,2
877,13,NA,NA,1,2
878,19,NA,NA,1,1
879,17,16,NA,1,2
880,13,NA,12,3,1
881,17,1,10,1,1
882,16,NA,12,1,2
883,16,9,12,1,1
884,15,NA,12,1,2
885,16,80,NA,3,2
886,20,NA,NA,1,1
887,14,9,6,1,2
888,16,NA,NA,1,1
889,15,NA,12,1,1
890,14,NA,8,3,2
891,12,NA,11,1,1
892,12,NA,NA,1,2
893,15,NA,NA,1,2
894,20,NA,NA,2,2
895,16,9,NA,1,1
896,12,NA,NA,1,2
897,12,NA,NA,3,1
898,14,NA,NA,1,2
899,14,NA,10,1,1
900,18,NA,11,1,1
901,16,58,12,1,2
902,8,NA,NA,1,2
903,13,NA,12,3,1
904,13,NA,NA,1,2
905,13,NA,12,1,1
906,10,NA,NA,3,2
907,11,NA,NA,1,2
908,12,NA,12,1,2
909,12,NA,12,1,1
910,9,NA,NA,1,2
911,10,NA,NA,1,2
912,16,NA,12,1,2
913,13,NA,2,1,2
914,17,29,NA,3,2
915,20,NA,NA,1,2
916,12,NA,12,1,2
917,12,NA,NA,1,2
918,13,NA,NA,3,2
919,14,NA,12,2,2
920,18,16,12,1,2
921,12,NA,12,1,2
922,12,NA,NA,1,2
923,17,9,NA,1,1
924,16,NA,12,2,1
925,12,NA,9,1,2
926,12,NA,12,1,1
927,14,NA,12,1,2
928,12,NA,12,1,1
929,13,NA,3,3,2
930,20,NA,12,1,1
931,12,NA,NA,1,2
932,11,NA,NA,3,2
933,9,NA,NA,1,2
934,12,NA,12,1,1
935,9,NA,NA,3,1
936,13,NA,NA,1,2
937,12,NA,12,1,1
938,17,7,12,1,2
939,18,52,8,1,2
940,17,1,12,1,2
941,17,14,12,2,1
942,14,NA,NA,3,2
943,16,NA,12,1,2
944,16,NA,12,1,2
945,13,NA,2,3,1
946,10,NA,NA,3,2
947,12,NA,NA,3,1
948,14,NA,12,3,1
949,14,NA,NA,3,2
950,8,NA,NA,3,2
951,13,NA,2,3,2
952,12,NA,NA,2,2
953,16,NA,NA,1,2
954,14,NA,12,2,2
955,12,NA,NA,2,2
956,12,NA,NA,2,1
957,12,NA,10,2,2
958,12,NA,NA,2,1
959,12,NA,NA,1,2
960,12,NA,NA,2,1
961,12,NA,NA,2,2
962,12,NA,12,2,1
963,12,NA,12,1,1
964,12,NA,2,1,2
965,12,NA,12,1,1
966,12,NA,6,1,2
967,16,29,NA,1,1
968,15,NA,10,3,1
969,16,NA,12,1,1
970,14,9,5,1,1
971,15,NA,NA,1,1
972,10,NA,NA,1,1
973,12,NA,NA,2,1
974,19,NA,NA,3,1
975,13,NA,3,1,1
976,14,NA,12,1,2
977,12,NA,NA,1,2
978,16,27,4,1,1
979,12,NA,NA,1,2
980,12,NA,12,1,2
981,14,NA,10,1,2
982,19,NA,NA,3,2
983,16,42,11,1,2
984,12,NA,NA,1,1
985,13,NA,12,1,2
986,13,NA,11,1,1
987,16,NA,9,1,2
988,14,NA,NA,1,1
989,12,NA,12,3,1
990,12,NA,NA,1,1
991,6,NA,NA,3,1
992,11,NA,9,3,2
993,12,NA,NA,1,1
994,12,NA,12,1,2
995,16,NA,NA,3,2
996,17,NA,NA,1,2
997,17,1,12,1,2
998,12,NA,10,1,2
999,8,NA,12,1,1
1000,12,NA,NA,1,1
1001,14,NA,12,1,1
1002,16,8,NA,1,1
1003,12,NA,3,1,2
1004,20,16,12,1,2
1005,16,11,NA,1,1
1006,18,16,NA,2,2
1007,17,NA,12,1,2
1008,19,NA,12,1,2
1009,11,NA,12,1,2
1010,20,16,12,1,2
1011,16,9,12,2,2
1012,12,NA,10,1,1
1013,15,NA,7,2,1
1014,16,12,10,2,2
1015,12,NA,1,3,2
1016,15,NA,12,2,2
1017,12,NA,12,1,2
1018,12,NA,12,2,1
1019,10,NA,11,1,1
1020,18,NA,12,1,1
1021,17,NA,NA,1,1
1022,14,NA,4,3,1
1023,14,80,2,1,1
1024,17,NA,10,1,1
1025,19,NA,12,1,2
1026,18,67,12,1,1
1027,17,NA,11,1,2
1028,16,16,12,1,2
1029,16,NA,NA,1,2
1030,20,NA,12,1,1
1031,20,9,8,1,1
1032,13,NA,NA,1,2
1033,18,9,12,1,2
1034,16,9,12,1,1
1035,17,NA,12,1,2
1036,17,9,12,1,1
1037,19,NA,9,1,1
1038,16,NA,10,1,2
1039,16,63,12,1,1
1040,20,19,NA,1,2
1041,13,NA,NA,1,1
1042,12,NA,12,1,1
1043,16,9,NA,1,2
1044,12,NA,9,1,2
1045,16,8,12,1,2
1046,14,NA,12,1,2
1047,16,61,12,1,1
1048,19,NA,12,1,1
1049,16,70,NA,1,1
1050,16,NA,12,1,2
1051,12,NA,NA,1,2
1052,17,7,4,1,1
1053,15,NA,11,1,1
1054,13,NA,NA,1,2
1055,16,9,NA,1,1
1056,16,NA,11,1,1
1057,16,NA,12,1,2
1058,14,NA,NA,1,1
1059,12,NA,12,2,1
1060,12,NA,8,2,2
1061,18,NA,12,1,1
1062,12,NA,9,2,2
1063,12,NA,NA,2,1
1064,14,NA,11,1,1
1065,12,NA,12,1,1
1066,9,NA,NA,2,1
1067,15,NA,NA,2,1
1068,13,NA,11,1,2
1069,14,NA,12,2,2
1070,13,NA,12,1,1
1071,12,NA,12,1,2
1072,9,NA,NA,1,2
1073,16,40,9,1,1
1074,16,NA,12,1,1
1075,12,NA,NA,2,1
1076,11,NA,NA,2,1
1077,10,NA,NA,2,1
1078,11,NA,12,2,1
1079,13,NA,NA,2,2
1080,14,14,12,2,1
1081,13,NA,12,1,2
1082,16,29,12,1,2
1083,16,80,NA,1,1
1084,12,NA,NA,1,1
1085,9,NA,NA,1,1
1086,8,NA,9,1,2
1087,12,NA,10,1,2
1088,13,NA,NA,1,1
1089,18,NA,11,1,2
1090,20,16,NA,1,2
1091,11,NA,12,1,2
1092,12,NA,12,1,2
1093,11,NA,6,1,1
1094,12,NA,NA,1,2
1095,14,NA,12,2,2
1096,12,NA,12,1,2
1097,12,NA,12,1,1
1098,15,NA,9,1,2
1099,19,9,NA,1,2
1100,12,NA,11,1,2
1101,20,NA,NA,1,1
1102,12,NA,NA,1,1
1103,12,NA,NA,1,1
1104,13,NA,12,1,2
1105,8,NA,NA,3,2
1106,12,NA,12,1,1
1107,12,NA,12,1,1
1108,13,NA,NA,2,1
1109,16,NA,12,1,2
1110,15,NA,NA,1,1
1111,12,NA,NA,1,1
1112,14,NA,NA,1,2
1113,18,NA,12,1,2
1114,13,NA,NA,1,1
1115,16,NA,NA,1,2
1116,16,NA,3,1,2
1117,16,9,12,1,2
1118,18,NA,12,1,1
1119,15,36,NA,1,2
1120,13,NA,NA,1,2
1121,15,NA,NA,1,2
1122,14,9,12,1,1
1123,20,NA,12,1,2
1124,17,NA,10,1,1
1125,12,NA,5,2,1
1126,11,NA,1,2,2
1127,12,NA,NA,3,2
1128,9,NA,11,2,2
1129,NA,NA,NA,2,1
1130,16,69,12,1,1
1131,14,NA,12,2,1
1132,13,NA,12,1,1
1133,14,72,NA,2,1
1134,10,NA,12,3,1
1135,12,NA,9,3,2
1136,12,NA,12,1,1
1137,16,NA,12,3,1
1138,16,16,12,1,2
1139,11,NA,NA,1,2
1140,12,NA,NA,1,1
1141,14,14,NA,1,1
1142,9,NA,NA,1,2
1143,12,NA,10,1,2
1144,10,NA,NA,1,2
1145,10,NA,11,1,1
1146,12,NA,12,2,1
1147,17,NA,11,1,2
1148,12,NA,11,3,1
1149,12,NA,NA,1,1
1150,12,NA,12,1,2
1151,13,NA,NA,3,1
1152,16,NA,NA,1,2
1153,7,NA,NA,1,1
1154,13,NA,NA,2,2
1155,12,NA,12,2,1
1156,11,NA,NA,3,2
1157,12,NA,2,2,2
1158,12,NA,NA,3,2
1159,14,59,12,1,2
1160,12,NA,NA,1,1
1161,12,NA,12,1,1
1162,16,9,12,1,1
1163,12,NA,12,2,1
1164,12,NA,12,1,2
1165,20,25,NA,1,1
1166,12,NA,12,1,1
1167,15,NA,12,1,1
1168,16,NA,12,1,2
1169,16,55,12,1,2
1170,16,9,12,1,1
1171,7,NA,NA,2,1
1172,19,NA,12,1,2
1173,11,NA,NA,1,1
1174,16,NA,NA,1,2
1175,13,NA,11,1,2
1176,16,26,NA,1,2
1177,17,46,9,1,2
1178,11,NA,12,1,1
1179,14,NA,NA,3,1
1180,12,NA,NA,3,2
1181,6,NA,NA,1,2
1182,13,NA,NA,1,2
1183,15,NA,NA,1,2
1184,12,NA,NA,3,2
1185,18,NA,NA,3,2
1186,6,NA,8,3,1
1187,15,NA,NA,1,1
1188,15,NA,NA,1,2
1189,15,NA,11,1,2
1190,12,NA,NA,1,1
1191,12,NA,5,2,1
1192,15,NA,12,1,1
1193,15,NA,12,2,1
1194,12,NA,12,1,1
1195,12,NA,12,1,1
1196,20,NA,12,1,1
1197,16,43,12,1,1
1198,16,NA,7,3,1
1199,11,NA,10,1,2
1200,16,NA,NA,1,1
1201,16,NA,NA,3,2
1202,16,NA,NA,1,2
1203,14,NA,12,1,1
1204,17,NA,NA,1,1
1205,16,NA,12,2,2
1206,7,NA,NA,3,1
1207,18,NA,2,1,2
1208,12,NA,12,1,1
1209,12,NA,12,1,1
1210,16,18,NA,1,1
1211,14,45,12,1,2
1212,12,NA,NA,2,1
1213,14,NA,NA,2,1
1214,12,NA,11,2,2
1215,13,NA,NA,2,2
1216,11,NA,6,1,2
1217,12,NA,NA,1,2
1218,14,NA,NA,1,1
1219,19,36,12,1,2
1220,12,NA,12,1,2
1221,17,NA,10,3,2
1222,16,73,NA,1,1
1223,16,NA,NA,1,1
1224,14,NA,12,1,2
1225,20,15,12,1,1
1226,12,NA,NA,1,2
1227,18,NA,12,1,1
1228,14,NA,1,1,1
1229,12,NA,12,1,1
1230,16,NA,12,1,2
1231,14,NA,7,1,2
1232,9,NA,NA,1,1
1233,12,NA,NA,1,2
1234,12,NA,10,1,2
1235,12,NA,11,1,1
1236,16,NA,12,1,2
1237,14,NA,NA,1,1
1238,16,NA,12,2,1
1239,13,NA,2,1,2
1240,16,18,NA,1,1
1241,16,NA,NA,1,2
1242,12,NA,NA,2,1
1243,20,NA,12,1,1
1244,16,18,12,3,1
1245,16,NA,12,2,2
1246,16,NA,12,3,2
1247,13,NA,6,2,1
1248,12,NA,12,2,1
1249,20,NA,12,1,1
1250,16,40,2,1,2
1251,17,NA,12,2,2
1252,19,53,NA,2,2
1253,18,NA,12,1,2
1254,10,NA,11,3,1
1255,11,NA,12,1,1
1256,14,NA,NA,2,2
1257,16,9,NA,1,1
1258,12,NA,12,1,1
1259,12,NA,12,1,1
1260,12,NA,NA,1,2
1261,12,NA,NA,1,2
1262,14,NA,11,1,1
1263,12,NA,10,1,1
1264,12,NA,11,1,2
1265,14,16,12,1,2
1266,16,NA,NA,1,1
1267,16,16,5,1,2
1268,12,NA,10,1,1
1269,12,NA,12,1,2
1270,11,NA,12,1,2
1271,8,NA,NA,1,2
1272,20,NA,9,1,2
1273,16,NA,12,1,1
1274,8,NA,NA,1,1
1275,13,NA,NA,1,1
1276,11,NA,NA,1,2
1277,8,NA,NA,3,2
1278,14,NA,NA,1,2
1279,12,NA,9,1,2
1280,12,NA,NA,1,2
1281,12,NA,12,1,2
1282,14,NA,11,1,2
1283,12,NA,NA,1,1
1284,16,NA,NA,1,2
1285,20,20,12,1,1
1286,12,NA,12,1,1
1287,12,NA,12,1,2
1288,14,NA,NA,2,1
1289,6,NA,12,2,2
1290,13,NA,NA,2,2
1291,16,NA,9,3,1
1292,13,NA,12,2,1
1293,14,NA,NA,2,1
1294,11,NA,12,2,2
1295,12,NA,5,2,2
1296,13,NA,12,2,2
1297,13,NA,NA,2,2
1298,16,NA,12,1,2
1299,16,NA,NA,1,2
1300,16,9,NA,1,2
1301,14,NA,9,1,2
1302,19,29,11,1,2
1303,12,NA,5,1,2
1304,13,NA,NA,1,1
1305,14,NA,NA,3,1
1306,9,NA,12,1,2
1307,14,NA,2,1,1
1308,6,NA,NA,3,2
1309,12,NA,NA,1,1
1310,9,NA,3,3,1
1311,9,NA,10,1,1
1312,12,NA,NA,1,2
1313,6,NA,NA,2,2
1314,14,NA,NA,1,1
1315,9,NA,NA,1,1
1316,12,NA,12,1,2
1317,16,NA,NA,1,1
1318,12,NA,NA,1,1
1319,12,NA,NA,1,2
1320,16,NA,NA,1,2
1321,12,NA,NA,1,2
1322,12,NA,12,1,2
1323,16,NA,NA,1,1
1324,17,16,12,1,2
1325,12,NA,NA,1,2
1326,16,16,NA,1,1
1327,16,NA,12,3,1
1328,16,9,12,1,1
1329,16,42,12,1,2
1330,18,NA,12,2,1
1331,18,NA,12,1,1
1332,19,NA,12,2,2
1333,18,16,12,1,2
1334,14,NA,12,2,1
1335,16,NA,12,1,1
1336,19,16,NA,1,2
1337,20,NA,NA,1,1
1338,16,NA,12,1,1
1339,10,NA,NA,1,2
1340,12,NA,12,1,1
1341,12,NA,12,1,1
1342,13,NA,12,1,1
1343,12,NA,NA,1,1
1344,16,9,NA,1,1
1345,14,NA,NA,1,2
1346,16,NA,10,1,2
1347,NA,NA,NA,3,1
1348,12,NA,NA,1,1
1349,16,NA,12,1,1
1350,17,NA,12,1,1
1351,12,NA,NA,1,2
1352,10,NA,NA,1,1
1353,NA,NA,NA,1,2
1354,15,NA,12,1,2
1355,16,NA,12,1,1
1356,12,NA,12,1,1
1357,15,NA,NA,1,2
1358,14,NA,NA,1,1
1359,12,NA,12,1,1
1360,12,NA,12,1,2
1361,9,NA,NA,1,2
1362,16,43,12,1,1
1363,9,NA,9,2,1
1364,13,NA,12,2,1
1365,8,NA,NA,2,2
1366,12,NA,NA,2,2
1367,10,NA,NA,3,2
1368,12,NA,NA,1,2
1369,17,NA,NA,1,1
1370,15,1,4,2,1
1371,12,NA,12,2,2
1372,12,NA,NA,1,1
1373,17,44,12,1,2
1374,14,NA,NA,1,1
1375,13,9,1,1,1
1376,16,20,NA,1,1
1377,16,NA,NA,1,2
1378,13,NA,NA,1,1
1379,17,NA,6,1,1
1380,16,14,NA,3,2
1381,13,NA,NA,1,2
1382,14,NA,NA,1,1
1383,17,NA,NA,1,2
1384,14,NA,NA,1,1
1385,16,NA,12,1,1
1386,13,NA,2,1,2
1387,16,NA,12,1,2
1388,12,NA,12,1,2
1389,12,NA,12,1,1
1390,7,NA,NA,3,1
1391,12,NA,12,1,2
1392,14,NA,NA,1,2
1393,18,NA,NA,1,2
1394,20,6,5,1,1
1395,13,NA,12,1,1
1396,15,NA,NA,3,2
1397,13,NA,NA,1,2
1398,13,NA,NA,1,2
1399,12,NA,NA,1,1
1400,11,NA,NA,1,2
1401,16,9,8,1,1
1402,15,NA,NA,2,2
1403,14,NA,2,1,2
1404,12,NA,1,2,2
1405,14,NA,10,1,1
1406,15,NA,12,1,1
1407,12,NA,NA,1,2
1408,12,NA,3,1,2
1409,6,NA,11,1,1
1410,8,NA,12,1,1
1411,12,NA,NA,1,2
1412,12,NA,NA,1,1
1413,9,NA,NA,2,2
1414,12,NA,NA,1,2
1415,13,NA,NA,1,1
1416,14,NA,NA,1,1
1417,12,NA,NA,1,2
1418,11,NA,NA,1,2
1419,16,42,12,1,2
1420,12,NA,NA,1,1
1421,19,NA,12,1,1
1422,14,NA,NA,1,1
1423,8,NA,NA,1,1
1424,12,NA,12,1,2
1425,15,NA,12,1,2
1426,12,NA,NA,1,2
1427,12,NA,NA,1,1
1428,16,52,NA,3,2
1429,15,NA,NA,1,2
1430,20,NA,12,1,2
1431,13,NA,12,1,1
1432,14,18,12,1,1
1433,18,NA,12,1,1
1434,9,NA,12,1,1
1435,1,NA,12,1,1
1436,13,NA,12,1,1
1437,12,NA,12,1,1
1438,18,NA,NA,1,1
1439,16,NA,12,1,1
1440,18,9,12,1,1
1441,17,NA,NA,1,1
1442,16,NA,12,1,2
1443,16,9,12,1,1
1444,18,NA,12,1,2
1445,13,NA,NA,1,1
1446,12,NA,12,1,2
1447,14,NA,9,1,2
1448,16,16,NA,1,2
1449,17,NA,NA,1,2
1450,12,NA,5,1,1
1451,12,NA,12,1,1
1452,16,21,NA,1,2
1453,14,NA,10,1,2
1454,13,NA,12,3,1
1455,12,NA,12,1,2
1456,17,32,NA,1,2
1457,12,NA,11,1,2
1458,12,NA,NA,1,2
1459,12,NA,10,1,1
1460,16,19,NA,1,1
1461,13,NA,10,3,2
1462,15,NA,8,1,1
1463,13,NA,4,1,1
1464,11,NA,2,1,2
1465,12,NA,11,2,2
1466,14,NA,NA,1,1
1467,11,NA,NA,1,2
1468,18,NA,12,1,1
1469,14,NA,10,1,1
1470,14,NA,10,1,2
1471,12,NA,12,1,1
1472,20,19,NA,1,2
1473,16,57,NA,1,2
1474,14,9,NA,1,1
1475,13,NA,NA,1,2
1476,12,NA,9,1,2
1477,12,NA,12,1,2
1478,15,NA,12,1,1
1479,12,NA,NA,1,2
1480,13,NA,NA,1,1
1481,16,70,12,1,2
1482,14,NA,12,1,1
1483,9,NA,12,1,1
1484,11,NA,9,1,2
1485,12,NA,12,2,1
1486,20,NA,12,3,1
1487,11,NA,12,3,1
1488,12,NA,NA,1,2
1489,12,NA,12,1,1
1490,19,NA,12,1,2
1491,16,NA,12,1,2
1492,14,12,12,3,1
1493,14,NA,12,1,1
1494,13,NA,12,1,2
1495,16,NA,12,1,2
1496,15,NA,6,2,2
1497,12,NA,NA,2,2
1498,6,NA,NA,1,2
1499,17,51,NA,1,1
1500,14,NA,12,1,1
1501,18,33,12,2,2
1502,16,NA,12,1,1
1503,17,38,12,1,1
1504,17,NA,12,2,1
1505,17,43,10,1,2
1506,12,NA,NA,1,1
1507,12,NA,NA,1,2
1508,12,NA,NA,2,2
1509,12,NA,NA,1,2
1510,16,NA,12,1,2
1511,16,NA,NA,1,2
1512,16,NA,11,1,1
1513,12,NA,12,1,2
1514,16,NA,NA,1,1
1515,12,NA,NA,1,2
1516,14,NA,12,1,2
1517,15,NA,11,1,2
1518,12,NA,NA,1,2
1519,15,NA,10,1,2
1520,0,NA,NA,1,2
1521,13,NA,NA,1,2
1522,12,NA,NA,1,1
1523,16,17,12,1,1
1524,14,14,NA,1,1
1525,8,NA,NA,1,2
1526,12,NA,NA,1,2
1527,16,NA,NA,1,2
1528,16,16,NA,1,2
1529,12,NA,1,1,2
1530,20,NA,12,1,1
1531,18,20,NA,1,1
1532,14,NA,NA,1,2
1533,20,63,11,1,1
1534,18,NA,NA,1,1
1535,12,NA,4,1,2
1536,18,63,12,1,1
1537,19,NA,12,1,2
1538,16,34,12,1,1
1539,14,54,NA,1,2
1540,13,NA,10,2,1
1541,11,NA,NA,1,2
1542,13,NA,10,1,2
1543,12,NA,NA,1,2
1544,15,49,6,1,1
1545,8,NA,NA,1,1
1546,18,16,3,1,1
1547,11,NA,8,3,2
1548,12,NA,1,3,2
1549,16,NA,12,1,2
1550,12,NA,NA,1,1
1551,17,29,NA,3,2
1552,16,NA,12,1,1
1553,14,NA,9,1,1
1554,14,NA,NA,1,2
1555,12,NA,9,1,1
1556,12,NA,6,1,1
1557,12,NA,7,1,2
1558,12,NA,NA,1,1
1559,NA,NA,NA,1,2
1560,16,20,12,1,1
1561,16,NA,NA,1,2
1562,16,9,5,1,1
1563,12,NA,NA,1,2
1564,13,NA,4,1,2
1565,12,NA,12,1,2
1566,14,NA,NA,1,2
1567,11,NA,NA,1,2
1568,18,NA,12,1,2
1569,20,18,NA,1,1
1570,19,NA,1,1,2
1571,16,NA,12,1,1
1572,16,58,12,1,2
1573,18,NA,12,1,1
1574,13,NA,12,1,2
1575,18,42,12,1,2
1576,16,NA,12,1,1
1577,11,NA,NA,1,1
1578,9,NA,NA,1,1
1579,10,NA,5,2,2
1580,10,NA,10,1,2
1581,12,NA,12,1,1
1582,18,16,NA,1,1
1583,14,NA,9,1,1
1584,16,NA,NA,2,2
1585,13,NA,12,1,1
1586,9,NA,NA,3,2
1587,14,NA,11,2,2
1588,18,NA,10,1,2
1589,14,NA,12,1,1
1590,14,51,12,1,2
1591,12,NA,12,1,1
1592,13,NA,NA,1,1
1593,16,NA,12,1,2
1594,14,NA,12,1,1
1595,16,NA,NA,1,2
1596,20,NA,12,1,2
1597,12,NA,NA,1,1
1598,12,NA,NA,1,2
1599,14,NA,NA,1,1
1600,13,NA,12,1,1
1601,12,NA,NA,1,2
1602,13,NA,NA,1,2
1603,12,NA,12,1,2
1604,14,NA,NA,1,2
1605,12,NA,2,2,2
1606,14,NA,NA,1,2
1607,13,NA,9,2,2
1608,10,NA,NA,3,2
1609,7,NA,NA,1,1
1610,12,NA,9,3,2
1611,12,NA,NA,1,2
1612,14,NA,12,1,1
1613,12,NA,NA,1,1
1614,14,NA,NA,1,1
1615,12,NA,9,1,2
1616,12,NA,NA,1,2
1617,14,NA,12,1,1
1618,17,NA,12,2,2
1619,14,NA,11,2,1
1620,16,NA,10,1,2
1621,16,NA,NA,1,2
1622,12,NA,12,1,2
1623,10,NA,NA,1,2
1624,12,NA,NA,1,1
1625,16,NA,NA,1,2
1626,16,NA,NA,1,2
1627,12,NA,NA,1,2
1628,13,NA,3,1,2
1629,11,NA,2,1,2
1630,12,NA,11,2,1
1631,12,NA,NA,1,2
1632,12,NA,12,2,2
1633,12,NA,NA,1,1
1634,13,NA,NA,1,1
1635,14,9,7,1,2
1636,8,NA,NA,1,2
1637,18,NA,12,1,2
1638,12,NA,NA,1,1
1639,8,NA,NA,1,2
1640,12,NA,12,1,1
1641,8,NA,NA,1,1
1642,11,NA,12,1,1
1643,16,9,NA,1,1
1644,15,51,12,1,2
1645,14,NA,10,1,2
1646,19,16,NA,1,2
1647,12,NA,NA,1,1
1648,12,NA,NA,1,1
1649,13,NA,NA,1,2
1650,12,NA,NA,1,2
1651,9,NA,9,1,2
1652,12,NA,NA,1,2
1653,12,NA,NA,1,1
1654,12,NA,9,1,1
1655,16,NA,12,1,2
1656,12,NA,NA,1,1
1657,12,NA,NA,1,2
1658,14,NA,11,1,2
1659,15,NA,NA,2,1
1660,18,28,NA,1,2
1661,12,NA,NA,1,1
1662,16,42,9,3,2
1663,13,NA,12,1,2
1664,16,NA,12,1,1
1665,16,22,12,1,1
1666,13,NA,NA,1,1
1667,20,16,9,3,2
1668,16,NA,NA,2,1
1669,18,NA,NA,1,1
1670,15,NA,9,3,2
1671,16,NA,5,1,2
1672,16,NA,11,1,2
1673,16,12,NA,1,2
1674,14,NA,NA,1,1
1675,12,NA,12,1,2
1676,16,NA,11,3,2
1677,13,NA,NA,1,2
1678,18,NA,12,1,1
1679,8,NA,11,1,2
1680,20,NA,10,1,1
1681,10,NA,4,1,1
1682,15,49,5,1,2
1683,16,19,12,1,2
1684,10,NA,NA,1,1
1685,17,46,12,1,1
1686,12,NA,8,1,1
1687,12,NA,12,1,2
1688,12,NA,12,1,1
1689,13,NA,NA,1,2
1690,12,NA,NA,2,2
1691,16,NA,NA,1,2
1692,16,9,12,2,2
1693,14,NA,NA,2,2
1694,13,NA,NA,1,2
1695,11,NA,NA,1,2
1696,12,NA,12,2,2
1697,12,NA,NA,1,2
1698,14,NA,NA,1,2
1699,11,NA,NA,2,2
1700,16,NA,12,2,2
1701,11,NA,NA,1,1
1702,14,NA,NA,2,1
1703,9,NA,12,1,2
1704,15,NA,12,2,2
1705,18,NA,12,2,2
1706,16,70,12,1,1
1707,13,NA,NA,1,2
1708,9,NA,NA,1,1
1709,14,50,12,1,2
1710,14,3,12,1,1
1711,12,NA,12,2,1
1712,13,NA,NA,1,2
1713,12,NA,NA,2,2
1714,12,NA,12,2,1
1715,16,NA,3,1,2
1716,14,NA,NA,2,1
1717,16,26,12,2,2
1718,14,NA,12,2,2
1719,12,NA,NA,2,2
1720,6,NA,NA,1,1
1721,12,NA,7,2,2
1722,12,NA,2,2,2
1723,12,NA,11,2,1
1724,12,NA,2,2,1
1725,12,NA,NA,2,2
1726,14,NA,12,2,2
1727,12,NA,NA,2,2
1728,12,NA,NA,2,1
1729,16,25,NA,2,2
1730,14,NA,10,2,2
1731,14,NA,NA,2,1
1732,12,NA,NA,1,1
1733,8,NA,NA,2,2
1734,15,NA,NA,2,2
1735,14,NA,12,1,2
1736,8,NA,12,1,1
1737,12,NA,12,1,2
1738,13,NA,NA,1,1
1739,17,NA,NA,1,2
1740,16,NA,12,1,2
1741,12,NA,NA,1,2
1742,13,NA,9,1,1
1743,12,NA,11,2,1
1744,15,NA,NA,1,1
1745,6,NA,11,1,1
1746,16,9,12,1,1
1747,13,NA,NA,1,2
1748,12,NA,12,1,1
1749,18,NA,11,2,1
1750,14,NA,4,1,1
1751,14,NA,NA,1,2
1752,14,NA,8,2,2
1753,16,16,12,2,2
1754,14,NA,12,2,2
1755,16,NA,12,1,2
1756,14,NA,NA,3,1
1757,12,NA,5,2,1
1758,20,35,3,2,2
1759,7,NA,NA,2,2
1760,12,NA,NA,1,2
1761,8,NA,2,2,1
1762,5,NA,NA,2,1
1763,15,54,NA,1,2
1764,14,NA,11,2,1
1765,12,NA,NA,2,2
1766,12,NA,11,2,1
1767,12,NA,NA,1,2
1768,12,NA,12,2,1
1769,13,NA,NA,2,1
1770,8,NA,NA,2,2
1771,16,NA,NA,2,2
1772,14,44,NA,2,2
1773,16,NA,NA,2,2
1774,16,80,12,1,2
1775,14,NA,12,1,2
1776,14,9,NA,3,1
1777,12,NA,9,1,2
1778,12,NA,NA,1,2
1779,16,42,8,2,2
1780,12,NA,11,2,2
1781,14,NA,12,1,1
1782,18,47,NA,1,2
1783,17,NA,12,1,2
1784,17,NA,NA,1,1
1785,14,16,NA,1,2
1786,12,NA,12,2,1
1787,12,NA,12,1,1
1788,14,NA,NA,3,2
1789,12,NA,10,1,1
1790,13,NA,8,2,2
1791,13,NA,9,2,1
1792,15,NA,NA,2,2
1793,12,NA,10,2,1
1794,18,16,NA,1,2
1795,12,NA,NA,1,2
1796,16,51,NA,2,2
1797,12,NA,NA,2,2
1798,14,NA,12,2,2
1799,15,NA,12,1,1
1800,16,1,NA,2,1
1801,12,NA,12,1,1
1802,16,NA,NA,1,1
1803,16,NA,NA,1,1
1804,18,NA,10,1,2
1805,12,NA,NA,1,1
1806,12,NA,NA,1,2
1807,16,NA,12,1,1
1808,18,9,12,1,2
1809,12,NA,NA,1,2
1810,16,12,12,1,2
1811,18,9,NA,1,1
1812,14,NA,12,2,1
1813,14,NA,12,1,1
1814,13,NA,12,1,1
1815,14,NA,NA,1,2
1816,12,NA,12,1,1
1817,12,NA,NA,1,2
1818,12,NA,10,1,2
1819,12,NA,12,1,1
1820,20,16,NA,1,1
1821,16,NA,NA,1,2
1822,12,NA,12,1,1
1823,14,9,NA,1,2
1824,12,NA,NA,1,1
1825,16,NA,12,1,1
1826,16,NA,12,1,1
1827,16,70,12,2,2
1828,15,NA,10,2,2
1829,14,9,11,2,2
1830,12,NA,NA,2,1
1831,12,NA,NA,1,2
1832,13,NA,11,1,1
1833,12,NA,NA,1,2
1834,11,NA,3,1,2
1835,9,NA,12,1,1
1836,16,44,NA,2,2
1837,12,NA,12,1,1
1838,16,NA,12,1,2
1839,14,NA,12,1,1
1840,12,NA,10,1,2
1841,12,NA,NA,1,2
1842,8,NA,NA,1,1
1843,14,9,12,1,2
1844,13,NA,12,1,2
1845,12,NA,NA,1,2
1846,12,NA,12,1,1
1847,15,NA,NA,1,1
1848,16,NA,12,1,1
1849,12,NA,NA,1,2
1850,12,NA,6,1,1
1851,17,NA,NA,1,2
1852,14,NA,12,1,2
1853,16,19,NA,2,2
1854,14,NA,7,1,1
1855,16,NA,NA,1,2
1856,12,NA,NA,2,1
1857,14,NA,9,2,1
1858,16,63,12,2,2
1859,20,NA,12,1,2
1860,11,NA,12,2,2
1861,15,NA,12,3,2
1862,16,9,12,2,2
1863,13,NA,NA,1,1
1864,14,NA,NA,2,2
1865,18,9,NA,1,2
1866,10,NA,NA,1,2
1867,14,NA,12,1,2
1868,8,NA,NA,1,2
1869,14,NA,NA,1,2
1870,13,NA,5,1,2
1871,9,NA,NA,1,2
1872,12,NA,NA,1,1
1873,12,NA,11,1,1
1874,13,NA,NA,1,1
1875,16,44,NA,1,2
1876,15,NA,NA,1,2
1877,12,NA,NA,1,1
1878,12,NA,10,1,2
1879,12,NA,NA,1,2
1880,18,43,12,2,1
1881,15,NA,NA,1,1
1882,11,NA,NA,1,2
1883,16,9,NA,1,1
1884,12,NA,NA,1,2
1885,17,1,12,2,1
1886,10,NA,8,2,2
1887,14,NA,NA,1,2
1888,20,66,NA,1,2
1889,20,42,12,1,1
1890,18,9,3,3,1
1891,17,NA,NA,1,2
1892,16,NA,NA,2,2
1893,14,NA,12,1,1
1894,13,NA,NA,2,2
1895,20,17,NA,1,1
1896,14,NA,11,1,2
1897,17,NA,NA,1,1
1898,13,NA,3,2,1
1899,18,NA,12,1,1
1900,12,NA,12,1,1
1901,14,55,10,1,2
1902,13,NA,11,1,2
1903,16,NA,NA,2,1
1904,13,NA,12,2,2
1905,16,35,NA,1,2
1906,14,NA,12,2,2
1907,12,NA,12,2,2
1908,16,36,9,1,2
1909,13,NA,5,2,2
1910,12,NA,11,2,2
1911,12,NA,NA,2,2
1912,12,NA,NA,2,1
1913,12,NA,12,2,1
1914,9,NA,NA,1,1
1915,17,NA,NA,2,1
1916,15,NA,10,2,2
1917,20,29,12,2,2
1918,10,NA,2,2,1
1919,17,9,NA,2,2
1920,11,NA,NA,2,2
1921,13,NA,NA,1,1
1922,14,51,12,1,2
1923,14,NA,NA,1,2
1924,10,NA,NA,1,1
1925,8,NA,NA,1,2
1926,11,NA,NA,1,1
1927,12,NA,NA,1,2
1928,16,44,4,2,2
1929,16,NA,12,2,2
1930,10,NA,NA,2,1
1931,14,NA,NA,2,1
1932,10,NA,3,2,2
1933,16,NA,NA,2,2
1934,16,12,NA,1,1
1935,12,NA,2,1,2
1936,16,NA,NA,1,1
1937,12,NA,12,3,1
1938,14,NA,12,1,1
1939,13,NA,10,1,2
1940,12,NA,NA,1,2
1941,18,NA,NA,1,2
1942,12,NA,7,1,1
1943,14,NA,NA,1,2
1944,10,NA,NA,1,1
1945,13,NA,NA,1,2
1946,8,NA,NA,1,1
1947,15,NA,NA,1,2
1948,12,NA,12,3,1
1949,16,9,NA,2,1
1950,16,NA,10,1,1
1951,12,NA,12,1,2
1952,12,NA,12,1,1
1953,12,NA,NA,1,2
1954,12,NA,NA,1,1
1955,12,NA,NA,2,1
1956,12,NA,3,1,1
1957,14,NA,NA,1,2
1958,12,NA,NA,1,2
1959,7,NA,NA,1,2
1960,16,NA,12,1,1
1961,12,NA,12,1,2
1962,12,NA,NA,3,1
1963,12,NA,NA,1,2
1964,11,NA,10,2,2
1965,11,NA,12,2,1
1966,19,NA,NA,1,1
1967,16,NA,NA,1,2
1968,16,NA,NA,1,1
1969,16,36,NA,1,2
1970,12,NA,NA,1,2
1971,18,NA,12,1,1
1972,13,NA,8,1,2
1973,16,NA,12,1,2
1974,11,NA,12,1,1
1975,12,NA,NA,1,1
1976,10,NA,NA,1,2
1977,13,NA,NA,1,1
1978,17,36,12,1,2
1979,12,NA,11,1,1
1980,7,NA,NA,1,1
1981,12,NA,NA,1,2
1982,12,NA,12,1,1
1983,12,NA,NA,1,2
1984,16,9,12,1,1
1985,12,NA,12,1,1
1986,16,19,NA,1,2
1987,12,NA,NA,1,2
1988,16,9,NA,1,1
1989,15,NA,12,1,1
1990,11,NA,NA,1,2
1991,15,NA,9,1,2
1992,12,NA,NA,1,2
1993,14,54,NA,1,1
1994,14,30,NA,1,2
1995,14,NA,NA,1,2
1996,13,NA,NA,1,1
1997,12,NA,NA,1,2
1998,17,9,12,1,2
1999,13,NA,12,1,1
2000,12,NA,12,1,1
2001,19,16,6,1,2
2002,9,NA,NA,1,1
2003,12,NA,NA,1,2
2004,13,NA,NA,1,2
2005,12,NA,NA,1,2
2006,14,NA,NA,1,1
2007,14,NA,3,1,2
2008,16,47,12,1,1
2009,19,NA,12,1,1
2010,16,NA,12,3,1
2011,16,28,1,1,2
2012,20,9,12,1,2
2013,16,16,NA,3,2
2014,19,NA,NA,1,1
2015,18,9,NA,1,1
2016,15,36,12,1,1
2017,20,NA,NA,1,1
2018,16,NA,NA,1,2
2019,12,NA,10,1,2
2020,14,18,10,1,1
2021,16,NA,11,1,2
2022,14,NA,NA,1,2
2023,13,NA,NA,1,2
2024,16,16,NA,1,2
2025,14,NA,12,1,1
2026,12,NA,NA,1,2
2027,12,NA,6,1,1
2028,12,NA,NA,1,2
2029,12,NA,12,1,1
2030,15,NA,NA,1,2
2031,16,NA,NA,1,2
2032,13,NA,12,1,2
2033,12,NA,10,1,2
2034,12,NA,NA,1,2
2035,12,NA,9,1,2
2036,18,NA,8,1,1
2037,17,18,NA,1,1
2038,12,NA,1,1,1
2039,16,36,12,1,1
2040,14,NA,NA,1,2
2041,12,NA,NA,1,2
2042,12,NA,2,1,2
2043,11,NA,6,1,1
2044,12,NA,12,1,2
2045,11,NA,NA,2,2
2046,15,NA,NA,1,2
2047,12,NA,NA,2,2
2048,12,NA,NA,2,2
2049,17,32,NA,1,2
2050,14,NA,NA,1,1
2051,11,NA,12,1,1
2052,12,NA,NA,1,1
2053,12,NA,NA,1,2
2054,17,NA,NA,1,2
2055,12,NA,12,1,1
2056,16,NA,12,2,1
2057,5,NA,7,2,2
2058,16,NA,12,1,1
2059,19,16,12,1,1
2060,15,NA,12,2,2
2061,12,NA,12,1,1
2062,13,NA,9,1,1
2063,16,NA,12,1,2
2064,12,52,NA,1,1
2065,13,NA,NA,1,2
2066,18,NA,12,1,2
2067,12,NA,12,1,1
2068,12,NA,12,1,1
2069,17,43,NA,1,1
2070,15,NA,NA,1,1
2071,16,NA,11,1,1
2072,18,NA,12,1,1
2073,16,8,4,1,2
2074,20,NA,NA,1,1
2075,20,NA,12,1,1
2076,12,NA,NA,1,1
2077,12,NA,NA,1,1
2078,12,NA,10,1,2
2079,18,73,12,1,1
2080,13,NA,NA,1,1
2081,12,NA,NA,1,2
2082,18,NA,12,1,1
2083,16,NA,12,1,2
2084,12,NA,12,1,1
2085,12,NA,12,1,2
2086,14,NA,NA,1,2
2087,12,NA,12,1,1
2088,13,NA,12,1,1
2089,12,NA,12,1,1
2090,10,NA,NA,1,1
2091,12,NA,NA,1,2
2092,13,NA,NA,1,2
2093,14,NA,NA,1,2
2094,16,NA,2,2,1
2095,17,82,NA,1,2
2096,19,82,NA,1,1
2097,16,NA,NA,1,1
2098,12,NA,NA,1,1
2099,9,NA,11,1,2
2100,16,60,12,1,2
2101,12,NA,8,1,2
2102,12,NA,NA,1,2
2103,17,19,NA,1,1
2104,12,NA,NA,1,1
2105,15,55,12,1,1
2106,17,NA,NA,1,2
2107,12,NA,12,1,1
2108,12,NA,12,2,2
2109,12,NA,NA,1,2
2110,18,52,NA,1,2
2111,13,NA,9,1,2
2112,14,NA,NA,1,2
2113,14,NA,8,1,2
2114,14,NA,12,1,1
2115,13,NA,9,3,1
2116,11,NA,2,1,2
2117,12,NA,NA,1,1
2118,13,NA,12,1,1
2119,13,NA,NA,1,2
2120,13,NA,NA,1,2
2121,12,NA,12,1,2
2122,16,NA,12,1,1
2123,16,16,NA,1,2
2124,17,NA,NA,1,2
2125,12,NA,NA,1,2
2126,12,NA,11,1,2
2127,16,NA,NA,1,2
2128,14,NA,12,1,1
2129,16,NA,NA,2,2
2130,16,12,12,1,2
2131,16,NA,NA,1,2
2132,12,NA,NA,1,2
2133,12,NA,12,1,2
2134,12,NA,12,1,1
2135,17,9,12,1,1
2136,10,NA,11,1,1
2137,16,17,12,1,1
2138,12,NA,12,1,2
2139,20,NA,12,1,2
2140,12,NA,12,1,2
2141,12,NA,NA,1,2
2142,12,NA,12,1,2
2143,14,NA,12,3,1
2144,12,NA,12,1,1
2145,NA,NA,NA,1,2
2146,12,NA,5,1,2
2147,14,NA,NA,1,1
2148,12,NA,12,1,1
2149,12,NA,NA,1,1
2150,12,NA,NA,1,2
2151,12,NA,NA,1,2
2152,12,NA,NA,1,1
2153,16,16,12,1,2
2154,11,NA,12,1,1
2155,12,NA,NA,1,2
2156,12,NA,10,1,2
2157,16,14,12,1,1
2158,12,NA,11,1,2
2159,14,55,12,1,1
2160,8,NA,NA,1,2
2161,12,NA,11,2,1
2162,14,34,12,1,2
2163,14,NA,NA,1,1
2164,11,NA,NA,1,2
2165,6,NA,NA,1,1
2166,11,NA,12,1,1
2167,16,NA,3,1,2
2168,15,NA,11,1,1
2169,11,NA,NA,1,2
2170,12,NA,9,1,1
2171,13,NA,12,1,1
2172,16,NA,NA,1,2
2173,12,NA,NA,1,2
2174,8,NA,1,1,1
2175,12,NA,NA,2,1
2176,14,29,12,1,2
2177,12,NA,11,1,2
2178,12,NA,NA,1,2
2179,11,NA,9,1,1
2180,14,NA,NA,1,1
2181,14,NA,12,1,2
2182,12,NA,2,3,2
2183,16,36,NA,1,2
2184,12,NA,12,1,2
2185,12,NA,1,1,2
2186,13,NA,12,1,1
2187,13,NA,12,1,2
2188,19,16,12,1,2
2189,19,NA,12,1,2
2190,18,NA,NA,1,1
2191,17,NA,NA,1,1
2192,16,42,12,1,2
2193,18,NA,12,1,1
2194,12,NA,NA,2,2
2195,12,NA,NA,1,2
2196,18,NA,12,1,1
2197,20,17,9,1,1
2198,14,NA,NA,1,2
2199,12,NA,12,1,1
2200,14,NA,12,1,1
2201,13,NA,NA,1,2
2202,16,NA,5,1,2
2203,12,NA,NA,1,2
2204,12,NA,NA,1,2
2205,19,33,12,1,1
2206,12,NA,NA,1,1
2207,13,NA,NA,1,2
2208,12,NA,NA,1,2
2209,10,NA,11,1,2
2210,12,NA,NA,1,2
2211,17,NA,NA,1,2
2212,12,NA,9,3,1
2213,15,16,NA,2,2
2214,12,NA,11,1,1
2215,12,NA,NA,2,1
2216,14,9,NA,2,1
2217,12,NA,NA,3,2
2218,10,NA,6,1,1
2219,12,NA,2,2,2
2220,12,NA,NA,1,1
2221,14,NA,6,2,2
2222,12,NA,12,3,1
2223,13,NA,NA,1,1
2224,12,NA,11,3,1
2225,14,NA,3,1,2
2226,17,NA,NA,1,1
2227,12,NA,NA,1,1
2228,12,NA,NA,1,1
2229,13,NA,NA,3,1
2230,12,NA,12,1,1
2231,15,NA,12,1,1
2232,13,NA,9,2,2
2233,12,NA,NA,1,2
2234,16,41,12,1,1
2235,10,NA,NA,2,1
2236,11,NA,NA,2,2
2237,14,NA,NA,3,2
2238,11,NA,NA,1,1
2239,10,NA,NA,2,1
2240,16,NA,12,1,1
2241,12,NA,12,2,1
2242,15,NA,NA,1,2
2243,17,NA,NA,1,2
2244,12,NA,12,1,1
2245,12,NA,NA,1,2
2246,14,58,6,2,1
2247,12,NA,2,2,2
2248,12,NA,8,2,2
2249,12,NA,3,2,1
2250,12,NA,NA,2,1
2251,12,NA,12,2,1
2252,12,NA,NA,1,2
2253,15,NA,NA,2,1
2254,9,NA,NA,3,2
2255,7,NA,9,2,2
2256,7,NA,NA,2,2
2257,12,NA,NA,2,2
2258,10,NA,NA,2,2
2259,12,NA,11,2,1
2260,16,NA,NA,2,2
2261,14,36,NA,1,2
2262,12,NA,NA,1,1
2263,16,NA,12,1,1
2264,12,NA,10,1,2
2265,11,NA,12,1,1
2266,10,NA,NA,1,1
2267,13,NA,NA,1,1
2268,14,36,12,1,2
2269,14,NA,NA,1,2
2270,8,NA,NA,1,2
2271,12,NA,NA,1,1
2272,12,NA,11,1,2
2273,13,NA,NA,1,2
2274,12,NA,12,1,1
2275,10,NA,12,3,1
2276,11,NA,10,3,2
2277,12,NA,12,1,2
2278,11,NA,4,1,1
2279,20,34,NA,1,1
2280,14,NA,6,1,2
2281,16,36,11,2,2
2282,11,NA,10,2,1
2283,12,NA,10,1,1
2284,16,NA,12,1,1
2285,10,NA,NA,2,2
2286,11,NA,NA,3,1
2287,10,NA,5,1,2
2288,11,NA,9,2,2
2289,6,NA,NA,3,1
2290,14,NA,3,1,2
2291,10,NA,NA,1,1
2292,12,NA,12,3,1
2293,12,NA,NA,1,1
2294,12,NA,NA,1,2
2295,13,NA,10,2,2
2296,12,NA,10,1,1
2297,10,NA,NA,1,2
2298,12,NA,12,1,1
2299,10,NA,2,1,2
2300,17,33,NA,1,1
2301,14,NA,12,1,2
2302,9,NA,NA,1,2
2303,15,NA,12,1,1
2304,6,NA,NA,1,2
2305,12,NA,12,1,1
2306,14,NA,NA,1,2
2307,14,NA,NA,1,2
2308,11,NA,10,2,2
2309,16,NA,9,2,1
2310,6,NA,12,1,1
2311,14,NA,11,1,1
2312,16,41,NA,3,1
2313,16,1,NA,1,1
2314,20,NA,NA,1,1
2315,11,NA,NA,1,1
2316,15,NA,NA,1,2
2317,14,NA,11,1,2
2318,16,NA,12,1,1
2319,14,81,12,3,2
2320,12,NA,NA,1,1
2321,14,NA,12,1,2
2322,12,NA,12,1,1
2323,16,50,12,1,1
2324,14,NA,12,2,2
2325,16,NA,1,2,2
2326,19,9,12,1,2
2327,12,NA,NA,1,2
2328,16,NA,NA,1,1
2329,8,NA,NA,2,2
2330,12,NA,NA,1,1
2331,13,NA,NA,1,2
2332,15,36,1,3,2
2333,16,NA,NA,2,1
2334,9,NA,4,3,2
2335,12,NA,12,1,2
2336,17,36,12,1,2
2337,16,9,12,1,1
2338,11,NA,NA,1,1
2339,10,NA,7,3,1
2340,18,9,12,1,1
2341,20,50,12,1,2
2342,16,NA,NA,1,2
2343,14,NA,3,2,1
2344,12,NA,8,1,1
2345,12,NA,12,1,1
2346,11,NA,NA,1,2
2347,20,NA,NA,1,2
2348,18,NA,12,1,1
2349,18,9,12,1,1
2350,14,NA,2,1,2
2351,18,NA,NA,1,1
2352,16,NA,12,1,2
2353,16,NA,11,3,2
2354,19,9,12,1,2
2355,16,14,12,1,1
2356,12,NA,NA,1,2
2357,11,NA,NA,1,1
2358,16,15,12,1,2
2359,16,33,NA,1,2
2360,18,NA,12,1,2
2361,18,NA,12,1,2
2362,16,NA,NA,1,1
2363,13,NA,2,1,2
2364,16,NA,12,1,2
2365,9,NA,NA,1,1
2366,16,NA,NA,1,1
2367,6,NA,NA,3,1
2368,18,9,12,1,2
2369,13,NA,NA,1,2
2370,12,NA,NA,1,2
2371,12,NA,12,1,1
2372,12,NA,NA,2,2
2373,13,NA,12,1,2
2374,10,NA,NA,2,2
2375,13,NA,NA,1,2
2376,14,NA,12,2,1
2377,12,NA,12,1,2
2378,14,NA,9,2,2
2379,12,NA,2,1,2
2380,20,82,9,1,2
2381,4,NA,NA,1,2
2382,15,NA,10,3,1
2383,12,NA,3,1,2
2384,12,NA,NA,1,2
2385,1,NA,12,1,1
2386,6,NA,9,1,2
2387,11,NA,NA,3,1
2388,12,NA,12,3,1
2389,12,NA,7,1,1
2390,12,NA,2,1,1
2391,16,NA,12,1,2
2392,14,29,NA,3,2
2393,14,29,12,1,2
2394,9,NA,12,3,1
2395,11,NA,NA,3,1
2396,13,NA,NA,1,2
2397,12,NA,10,3,1
2398,11,NA,12,1,1
2399,16,NA,10,1,2
2400,12,NA,2,1,1
2401,12,NA,NA,2,1
2402,6,NA,NA,1,1
2403,15,33,NA,2,2
2404,16,NA,12,3,1
2405,6,NA,NA,3,2
2406,13,NA,11,1,2
2407,11,NA,6,1,2
2408,15,NA,NA,1,1
2409,14,NA,NA,2,2
2410,8,NA,6,3,1
2411,15,9,NA,1,2
2412,20,19,12,3,2
2413,12,NA,NA,1,2
2414,16,16,12,1,1
2415,16,62,12,1,2
2416,13,NA,NA,1,1
2417,12,NA,12,3,2
2418,12,NA,NA,1,1
2419,20,NA,6,1,2
2420,12,NA,NA,1,1
2421,14,53,12,1,2
2422,17,NA,12,1,2
2423,12,NA,7,1,1
2424,12,NA,NA,1,1
2425,17,9,NA,1,2
2426,12,NA,11,1,1
2427,20,NA,12,1,2
2428,13,NA,3,1,2
2429,18,36,NA,1,2
2430,16,NA,12,1,2
2431,20,NA,12,1,2
2432,11,NA,NA,3,2
2433,14,NA,7,1,2
2434,16,36,11,1,1
2435,10,NA,NA,1,2
2436,14,NA,NA,1,2
2437,17,81,NA,1,2
2438,16,58,6,1,2
2439,19,NA,NA,1,2
2440,15,NA,12,1,1
2441,16,NA,12,1,2
2442,16,52,4,1,2
2443,17,11,2,1,1
2444,15,NA,NA,3,1
2445,15,NA,NA,3,2
2446,18,NA,12,1,2
2447,15,NA,NA,1,2
2448,15,NA,NA,1,1
2449,17,49,NA,1,2
2450,13,NA,NA,1,1
2451,9,NA,1,1,1
2452,12,NA,7,1,1
2453,15,NA,3,1,1
2454,13,NA,NA,1,1
2455,13,NA,NA,1,1
2456,14,72,12,1,1
2457,10,NA,NA,1,1
2458,14,NA,12,1,2
2459,12,NA,NA,1,2
2460,14,82,NA,1,2
2461,12,NA,12,1,2
2462,14,NA,10,1,2
2463,19,42,12,1,2
2464,13,NA,NA,1,2
2465,11,NA,9,1,1
2466,12,NA,NA,1,1
2467,20,40,12,1,2
2468,15,NA,NA,1,2
2469,16,52,NA,1,1
2470,12,NA,NA,1,2
2471,7,NA,NA,3,2
2472,16,NA,12,1,1
2473,12,NA,11,1,1
2474,14,NA,NA,1,1
2475,14,NA,NA,2,1
2476,14,NA,11,1,1
2477,16,8,12,1,2
2478,20,14,NA,1,1
2479,12,NA,12,1,1
2480,3,NA,10,1,2
2481,15,NA,NA,1,1
2482,12,NA,NA,1,2
2483,14,NA,NA,3,1
2484,14,NA,NA,1,1
2485,12,NA,NA,1,1
2486,12,NA,12,1,2
2487,12,NA,11,1,2
2488,10,NA,NA,1,1
2489,14,NA,9,1,2
2490,19,NA,12,1,1
2491,14,NA,9,1,1
2492,10,NA,NA,1,1
2493,20,NA,NA,1,2
2494,13,NA,NA,1,2
2495,12,NA,12,1,1
2496,13,NA,12,1,2
2497,6,NA,NA,1,2
2498,13,NA,NA,3,2
2499,12,NA,12,1,1
2500,14,NA,10,1,2
2501,15,NA,9,1,2
2502,20,NA,12,2,2
2503,9,NA,NA,3,1
2504,10,NA,9,1,2
2505,12,NA,9,1,2
2506,12,NA,NA,1,2
2507,11,NA,NA,1,1
2508,12,NA,12,1,1
2509,13,NA,10,1,2
2510,11,NA,NA,1,2
2511,12,NA,NA,1,2
2512,13,NA,8,1,2
2513,14,NA,12,1,2
2514,14,NA,12,1,1
2515,14,NA,11,1,1
2516,8,NA,NA,1,2
2517,14,NA,NA,1,1
2518,12,NA,9,1,1
2519,17,NA,12,1,2
2520,14,31,12,1,2
2521,12,NA,NA,1,2
2522,12,NA,NA,1,2
2523,14,9,NA,1,1
2524,14,NA,12,1,2
2525,14,NA,NA,1,2
2526,13,NA,12,1,2
2527,13,NA,12,2,1
2528,13,NA,12,1,1
2529,10,NA,NA,1,2
2530,12,NA,10,1,2
2531,14,NA,NA,1,2
2532,17,80,12,1,1
2533,2,NA,NA,3,1
2534,12,NA,12,1,2
2535,15,14,12,1,2
2536,12,NA,12,1,2
2537,8,NA,12,1,1
2538,13,NA,12,1,2
2539,14,NA,12,1,2
2540,17,NA,12,1,2
2541,12,NA,NA,1,1
2542,12,NA,12,1,1
2543,17,16,12,3,2
2544,11,NA,NA,1,2
2545,15,NA,12,1,1
2546,15,NA,12,1,1
2547,10,NA,12,1,1
2548,14,9,NA,1,2
2549,11,NA,2,3,1
2550,11,NA,NA,1,2
2551,15,NA,NA,1,1
2552,12,NA,12,1,1
2553,12,NA,NA,1,2
2554,20,NA,12,1,2
2555,16,NA,NA,1,2
2556,16,18,12,1,1
2557,12,NA,9,1,2
2558,14,NA,12,1,1
2559,15,9,NA,2,1
2560,6,NA,11,3,1
2561,14,NA,12,1,2
2562,16,NA,12,1,1
2563,14,9,12,1,1
2564,14,NA,12,1,1
2565,12,NA,NA,1,2
2566,15,NA,NA,1,1
2567,12,NA,12,1,2
2568,16,NA,12,1,1
2569,15,34,12,1,2
2570,14,NA,12,3,1
2571,18,NA,12,2,2
2572,18,9,12,1,1
2573,15,NA,12,1,2
2574,13,NA,NA,1,2
2575,10,NA,NA,1,2
2576,12,NA,1,1,2
2577,13,NA,NA,1,1
2578,13,NA,12,2,1
2579,18,NA,12,3,2
2580,14,NA,11,1,2
2581,7,NA,NA,1,1
2582,4,NA,NA,3,2
2583,12,NA,12,2,2
2584,10,NA,2,1,2
2585,14,NA,12,2,1
2586,9,NA,NA,1,2
2587,14,NA,10,1,1
2588,9,NA,NA,2,2
2589,14,NA,12,1,2
2590,14,NA,10,2,2
2591,14,NA,3,2,2
2592,14,NA,12,2,1
2593,12,NA,10,1,1
2594,12,NA,NA,1,1
2595,12,NA,12,2,2
2596,13,NA,12,1,1
2597,12,NA,NA,1,2
2598,16,19,NA,1,2
2599,16,NA,NA,1,1
2600,17,35,NA,1,2
2601,20,NA,NA,1,2
2602,12,NA,NA,3,2
2603,12,NA,5,1,1
2604,14,NA,NA,1,2
2605,13,NA,NA,1,2
2606,12,NA,NA,1,1
2607,16,18,NA,1,1
2608,12,NA,NA,1,2
2609,14,NA,12,1,1
2610,11,NA,NA,1,2
2611,17,NA,NA,1,1
2612,19,NA,11,1,1
2613,20,NA,NA,3,2
2614,13,NA,8,2,1
2615,16,NA,12,1,1
2616,12,NA,10,1,1
2617,12,NA,NA,1,1
2618,12,NA,NA,1,2
2619,14,NA,NA,1,2
2620,10,NA,NA,1,2
2621,14,NA,NA,1,2
2622,16,9,NA,1,2
2623,12,NA,NA,1,1
2624,12,NA,NA,1,1
2625,16,NA,12,1,1
2626,14,19,12,1,2
2627,14,9,5,1,2
2628,18,18,12,1,1
2629,9,NA,NA,1,2
2630,18,9,11,1,2
2631,20,NA,NA,3,2
2632,16,18,12,3,1
2633,17,9,10,2,1
2634,16,NA,12,1,1
2635,12,NA,9,1,2
2636,12,NA,8,3,1
2637,14,9,NA,1,2
2638,14,NA,12,1,1
2639,12,NA,12,1,2
2640,14,NA,12,1,1
2641,12,NA,NA,1,2
2642,16,NA,12,1,2
2643,12,NA,12,2,2
2644,9,NA,NA,1,2
2645,12,NA,12,1,2
2646,11,NA,8,1,2
2647,12,NA,NA,1,2
2648,14,42,NA,1,2
2649,12,NA,11,1,1
2650,12,NA,NA,1,1
2651,12,NA,4,1,2
2652,12,NA,12,1,2
2653,12,NA,NA,1,2
2654,14,NA,NA,1,1
2655,18,36,NA,1,2
2656,13,NA,12,1,1
2657,12,NA,NA,3,1
2658,10,NA,NA,1,2
2659,14,9,NA,1,2
2660,16,9,NA,1,2
2661,12,NA,NA,1,1
2662,10,NA,NA,3,2
2663,12,NA,NA,1,1
2664,12,NA,11,1,2
2665,12,NA,NA,1,2
2666,13,NA,NA,3,2
2667,17,16,12,1,2
2668,10,NA,2,3,2
2669,20,82,12,3,2
2670,12,NA,12,1,1
2671,14,NA,12,1,2
2672,20,NA,12,1,1
2673,11,NA,NA,3,2
2674,11,NA,NA,3,2
2675,19,NA,12,3,2
2676,8,NA,NA,3,2
2677,12,NA,12,1,1
2678,12,NA,12,1,2
2679,16,59,12,1,1
2680,8,NA,NA,1,2
2681,12,NA,NA,1,2
2682,12,NA,12,1,1
2683,10,NA,NA,1,1
2684,12,NA,12,1,2
2685,13,NA,11,1,2
2686,14,39,12,1,2
2687,12,NA,NA,1,1
2688,13,NA,12,1,2
2689,10,NA,NA,1,1
2690,10,NA,NA,1,1
2691,12,NA,12,1,2
2692,9,NA,NA,3,1
2693,12,NA,11,1,1
2694,16,NA,12,1,2
2695,20,NA,NA,1,1
2696,16,18,12,1,1
2697,18,NA,NA,1,1
2698,20,16,12,1,2
2699,18,16,NA,1,2
2700,16,NA,10,1,1
2701,10,NA,12,1,2
2702,16,NA,NA,1,1
2703,10,NA,NA,1,2
2704,14,NA,NA,1,2
2705,7,NA,NA,1,1
2706,16,9,12,1,2
2707,13,NA,12,3,2
2708,17,42,NA,1,2
2709,16,NA,12,1,1
2710,15,NA,NA,3,2
2711,16,NA,12,1,2
2712,12,NA,12,1,2
2713,12,NA,NA,1,2
2714,13,NA,12,2,1
2715,17,NA,12,1,1
2716,12,NA,11,1,2
2717,20,16,12,1,2
2718,18,NA,NA,1,2
2719,10,NA,2,1,1
2720,18,52,NA,1,2
2721,20,NA,12,1,2
2722,10,NA,9,1,1
2723,12,NA,NA,1,2
2724,16,9,12,1,2
2725,12,NA,NA,1,1
2726,12,NA,4,1,1
2727,11,NA,NA,1,1
2728,18,24,12,1,1
2729,13,NA,NA,1,2
2730,15,NA,9,1,2
2731,16,18,12,1,1
2732,12,NA,9,1,2
2733,9,NA,NA,1,2
2734,12,NA,12,1,1
2735,14,NA,11,1,2
2736,15,55,12,1,2
2737,12,NA,12,1,1
2738,12,NA,NA,1,1
2739,15,NA,12,1,1
2740,18,45,12,1,2
2741,15,NA,11,1,2
2742,12,NA,NA,1,2
2743,12,NA,NA,1,2
2744,13,NA,NA,1,2
2745,15,NA,12,1,2
2746,10,NA,7,1,1
2747,12,NA,NA,1,1
2748,10,NA,NA,1,2
2749,12,NA,NA,1,1
2750,9,NA,8,1,2
2751,12,NA,11,1,2
2752,9,NA,NA,1,1
2753,12,NA,9,1,1
2754,15,36,12,1,2
2755,12,NA,8,1,2
2756,12,NA,12,1,1
2757,13,NA,NA,1,1
2758,12,NA,12,1,2
2759,8,NA,NA,1,2
2760,8,NA,NA,1,2
2761,15,NA,NA,2,2
2762,8,NA,12,1,1
2763,11,NA,1,1,1
2764,12,NA,12,1,1
2765,12,NA,NA,1,2
2766,14,NA,NA,1,1
2767,9,NA,3,1,2
2768,11,NA,NA,1,2
2769,12,NA,NA,1,1
2770,12,NA,12,2,2
2771,12,NA,11,1,2
2772,12,NA,NA,3,2
2773,9,NA,NA,1,1
2774,12,NA,NA,2,2
2775,12,NA,12,1,2
2776,14,NA,12,1,1
2777,19,9,12,2,2
2778,11,NA,NA,2,2
2779,13,NA,NA,1,2
2780,12,NA,NA,2,1
2781,11,NA,9,2,1
2782,12,NA,NA,1,1
2783,12,NA,NA,1,2
2784,12,NA,NA,2,2
2785,11,NA,NA,2,2
2786,12,NA,12,1,2
2787,10,NA,12,2,2
2788,11,NA,8,2,2
2789,11,NA,5,2,2
2790,12,NA,NA,2,1
2791,12,NA,NA,2,2
2792,12,NA,NA,1,2
2793,12,NA,NA,1,2
2794,14,NA,NA,1,1
2795,10,NA,NA,1,2
2796,16,NA,NA,1,1
2797,12,NA,9,1,2
2798,10,NA,NA,2,1
2799,14,NA,NA,1,1
2800,12,NA,NA,1,2
2801,6,NA,NA,3,1
2802,12,NA,NA,1,2
2803,NA,NA,7,2,2
2804,12,NA,NA,1,2
2805,12,NA,1,2,2
2806,12,NA,9,2,2
2807,13,NA,NA,2,2
2808,8,NA,NA,1,1
2809,12,NA,9,2,2
2810,12,NA,12,2,1
2811,12,NA,NA,2,2
2812,16,36,NA,2,2
2813,12,NA,NA,1,1
2814,18,NA,12,1,2
2815,12,NA,NA,1,2
2816,19,NA,NA,1,1
2817,18,NA,10,1,2
2818,16,18,12,1,1
2819,13,NA,12,1,1
2820,15,NA,NA,1,2
2821,12,NA,11,1,1
2822,9,NA,NA,1,2
2823,10,NA,NA,1,2
2824,12,NA,NA,1,2
2825,12,NA,NA,1,2
2826,12,NA,NA,1,2
2827,12,NA,9,1,1
2828,20,14,NA,1,2
2829,12,NA,NA,1,2
2830,16,NA,12,1,1
2831,16,16,NA,1,2
2832,12,NA,12,1,2
2833,18,NA,12,1,2
2834,8,NA,NA,1,1
2835,18,16,NA,1,2
2836,14,NA,11,1,2
2837,16,22,12,1,1
2838,11,NA,12,1,1
2839,16,9,12,1,2
2840,16,NA,12,1,1
2841,16,36,NA,1,2
2842,18,NA,12,1,2
2843,14,NA,9,1,1
2844,14,30,NA,1,1
2845,14,NA,11,1,2
2846,12,NA,11,1,2
2847,7,NA,8,1,1
2848,14,NA,12,1,2
2849,17,NA,NA,1,2
2850,12,NA,11,1,2
2851,14,3,NA,1,1
2852,12,NA,12,1,1
2853,12,NA,12,1,2
2854,16,59,3,1,1
2855,11,NA,NA,1,1
2856,15,NA,2,1,1
2857,15,36,12,1,2
2858,12,NA,8,1,2
2859,15,55,12,1,2
2860,12,NA,NA,1,1
2861,13,NA,NA,1,2
2862,12,NA,NA,1,2
2863,20,21,12,1,2
2864,15,NA,NA,1,1
2865,14,NA,NA,1,2
2866,14,NA,9,1,2
2867,16,NA,NA,1,1
